<?xml version="1.0" encoding="UTF-8"?>
<project-private xmlns="http://www.netbeans.org/ns/project-private/1">
    <editor-bookmarks xmlns="http://www.netbeans.org/ns/editor-bookmarks/2" lastBookmarkId="0"/>
    <open-files xmlns="http://www.netbeans.org/ns/projectui-open-files/2">
        <group>
            <file>file:/Users/Manon/NetBeansProjects/ProjetTaquin_201/src/projettaquin/Plateau.java</file>
            <file>file:/Users/Manon/NetBeansProjects/ProjetTaquin_201/src/projettaquin/FXMLDocumentController.java</file>
            <file>file:/Users/Manon/NetBeansProjects/ProjetTaquin_201/src/projettaquin/Case.java</file>
            <file>file:/Users/Manon/NetBeansProjects/ProjetTaquin_201/src/projettaquin/Joueur.java</file>
            <file>file:/Users/Manon/NetBeansProjects/ProjetTaquin_201/src/projettaquin/JeuConsole.java</file>
        </group>
    </open-files>
</project-private>
